website,price,expenses,address,size,bedrooms,bathrooms,url,listing_url
https://www.zonaprop.com.ar,Consultar precio,,Martin Coronado 3600,411,3,3,https://www.zonaprop.com.ar/departamentos-alquiler-capital-federal-mas-de-3-habitaciones-a-estrenar.html,https://www.zonaprop.com.ar/propiedades/alquiler-venta-martin-coronado-barrio-parque-3-52588440.html
https://www.zonaprop.com.ar,Consultar precio,$ 200.000,Guatemala 5100,153,3,2,https://www.zonaprop.com.ar/departamentos-alquiler-capital-federal-mas-de-3-habitaciones-a-estrenar.html,https://www.zonaprop.com.ar/propiedades/alquiler-departamento-4-ambientes-con-cochera-vista-al-52455088.html
https://www.zonaprop.com.ar,$ 2.880.000,$ 70.000,Guatemala al 5100,151,3,3,https://www.zonaprop.com.ar/departamentos-alquiler-capital-federal-mas-de-3-habitaciones-a-estrenar.html,https://www.zonaprop.com.ar/propiedades/alquiler-torre-bella-4-amb-151-m-piso-alto-52636578.html
https://www.zonaprop.com.ar,Consultar precio,$ 1.111,Martin Coronado  al 3300,397,3,3,https://www.zonaprop.com.ar/departamentos-alquiler-capital-federal-mas-de-3-habitaciones-a-estrenar.html,https://www.zonaprop.com.ar/propiedades/departamento-en-palermo-chico-52718463.html
https://www.zonaprop.com.ar,$ 2.900,$ 350.000,Av. del Libertador al 300,251,3,3,https://www.zonaprop.com.ar/departamentos-alquiler-capital-federal-mas-de-3-habitaciones-a-estrenar.html,https://www.zonaprop.com.ar/propiedades/departamento-en-torre-de-categoria-seg-24-hs-52840277.html
https://www.zonaprop.com.ar,Consultar precio,$ 115.000,Antonio Ferrari 1100,140,3,2,https://www.zonaprop.com.ar/departamentos-alquiler-capital-federal-mas-de-3-habitaciones-a-estrenar.html,https://www.zonaprop.com.ar/propiedades/alquiler-departamento-4-ambientes-amoblado-con-doble-52520033.html
https://www.zonaprop.com.ar,Consultar precio,$ 513.000,Tagle al 2800,425,3,3,https://www.zonaprop.com.ar/departamentos-alquiler-capital-federal-mas-de-3-habitaciones-a-estrenar.html,https://www.zonaprop.com.ar/propiedades/departamento-en-palermo-chico-52656273.html
https://www.zonaprop.com.ar,$ 5.000.000,,Av Libertador al 4400,358,4,4,https://www.zonaprop.com.ar/departamentos-alquiler-capital-federal-mas-de-3-habitaciones-a-estrenar.html,https://www.zonaprop.com.ar/propiedades/increible-departamento-en-palermo-52737421.html
https://www.zonaprop.com.ar,Consultar precio,$ 400.000,Azucena Villaflor al 500 - Alvear Tower,495,4,4,https://www.zonaprop.com.ar/departamentos-alquiler-capital-federal-mas-de-3-habitaciones-a-estrenar.html,https://www.zonaprop.com.ar/propiedades/departamento-puerto-madero-oportunidad-venta-52678624.html
https://www.zonaprop.com.ar,Consultar precio,$ 240.000,Av. Alvear al 1400,382,5,6,https://www.zonaprop.com.ar/departamentos-alquiler-capital-federal-mas-de-3-habitaciones-a-estrenar.html,https://www.zonaprop.com.ar/propiedades/increible-piso-totalmente-reciclado-de-400-m-2-5-51857353.html
https://www.zonaprop.com.ar,$ 4.500.000,$ 100.000,Guatemala al 5100,215,3,5,https://www.zonaprop.com.ar/departamentos-alquiler-capital-federal-mas-de-3-habitaciones-a-estrenar.html,https://www.zonaprop.com.ar/propiedades/alquiler-torre-bella-4-amb-c-dep-piso-alto-215-m.-52636564.html
https://www.zonaprop.com.ar,$ 5.400.000,$ 120.000,Guatemala al 5100,235,3,5,https://www.zonaprop.com.ar/departamentos-alquiler-capital-federal-mas-de-3-habitaciones-a-estrenar.html,https://www.zonaprop.com.ar/propiedades/alquiler-torre-bella-4amb-play-dependencia-cochera-52748223.html
https://www.zonaprop.com.ar,Consultar precio,$ 80.937,Melo al 2000,154,3,2,https://www.zonaprop.com.ar/departamentos-alquiler-capital-federal-mas-de-3-habitaciones-a-estrenar.html,https://www.zonaprop.com.ar/propiedades/departamento-3-domitorios-reciclado-a-nuevo-en-venta-52539682.html
https://www.zonaprop.com.ar,$ 3.648.000,$ 70.000,Guatemala al 5100,238,3,5,https://www.zonaprop.com.ar/departamentos-alquiler-capital-federal-mas-de-3-habitaciones-a-estrenar.html,https://www.zonaprop.com.ar/propiedades/alquiler-torre-bella-4-amb-piso-alto-238-m.-tot.-52636570.html
https://www.zonaprop.com.ar,Consultar precio,$ 300.000,Pierina Dealessi 1770,252,3,4,https://www.zonaprop.com.ar/departamentos-alquiler-capital-federal-mas-de-3-habitaciones-a-estrenar.html,https://www.zonaprop.com.ar/propiedades/alquiler-departamento-4-ambientes-amoblado-con-51647850.html
https://www.zonaprop.com.ar,$ 5.500.000,$ 190.000,Jade Plaza - Av Coronel Diaz al 2500,253,3,3,https://www.zonaprop.com.ar/departamentos-alquiler-capital-federal-mas-de-3-habitaciones-a-estrenar.html,https://www.zonaprop.com.ar/propiedades/exclusivo-piso-en-jade-plaza-palermo-52659144.html
https://www.zonaprop.com.ar,Consultar precio,,Av Callao al 1700,260,4,not found,https://www.zonaprop.com.ar/departamentos-alquiler-capital-federal-mas-de-3-habitaciones-a-estrenar.html,https://www.zonaprop.com.ar/propiedades/senorial-departamento-amoblado-de-4-dorm.-en-edificio-49919728.html
https://www.zonaprop.com.ar,$ 5.500.000,$ 350.000,Guatemala al 5100,335,4,4,https://www.zonaprop.com.ar/departamentos-alquiler-capital-federal-mas-de-3-habitaciones-a-estrenar.html,https://www.zonaprop.com.ar/propiedades/alquiler-torre-bella-5-amb-en-piso-35-335-m-a-52636584.html
https://www.zonaprop.com.ar,Consultar precio,$ 155.000,Vuelta de Obligado al 1200,158,3,2,https://www.zonaprop.com.ar/departamentos-alquiler-capital-federal-mas-de-3-habitaciones-a-estrenar.html,https://www.zonaprop.com.ar/propiedades/alquiler-departamento-4-ambientes-con-dependecia-y-52863810.html
https://www.zonaprop.com.ar,Consultar precio,,Figueroa Alcorta al 3000,320,3,3,https://www.zonaprop.com.ar/departamentos-alquiler-capital-federal-mas-de-3-habitaciones-a-estrenar.html,https://www.zonaprop.com.ar/propiedades/departamento-de-3-dorm.-y-2-cocheras-en-palermo-chico.-52433331.html
https://www.zonaprop.com.ar,$ 2.880.000,$ 70.000,Guatemala al 5100,151,3,3,https://www.zonaprop.com.ar/departamentos-alquiler-capital-federal-mas-de-3-habitaciones-a-estrenar-pagina-2.html,https://www.zonaprop.com.ar/propiedades/alquiler-torre-bella-4-amb-151-m-piso-alto-52636578.html
https://www.zonaprop.com.ar,Consultar precio,$ 1,4 Ambientes + Dependencia - 292.26m² - Balcón + Terraza cub y Semi –oceana Puerto Madero. Cochera + Baulera,292,3,4,https://www.zonaprop.com.ar/departamentos-alquiler-capital-federal-mas-de-3-habitaciones-a-estrenar-pagina-2.html,https://www.zonaprop.com.ar/propiedades/departamento-puerto-madero-oceana-51526312.html
https://www.zonaprop.com.ar,Consultar precio,$ 513.000,Tagle al 2800,425,3,3,https://www.zonaprop.com.ar/departamentos-alquiler-capital-federal-mas-de-3-habitaciones-a-estrenar-pagina-2.html,https://www.zonaprop.com.ar/propiedades/departamento-en-palermo-chico-52656273.html
https://www.zonaprop.com.ar,Consultar precio,,Rodriguez Peña al 1600,259,3,3,https://www.zonaprop.com.ar/departamentos-alquiler-capital-federal-mas-de-3-habitaciones-a-estrenar-pagina-2.html,https://www.zonaprop.com.ar/propiedades/duplex-amoblado-con-terraza-a-pulmon-verde-y-cochera-52804302.html
https://www.zonaprop.com.ar,Consultar precio,,Av Callao al 1700,260,4,not found,https://www.zonaprop.com.ar/departamentos-alquiler-capital-federal-mas-de-3-habitaciones-a-estrenar-pagina-2.html,https://www.zonaprop.com.ar/propiedades/senorial-departamento-amoblado-de-4-dorm.-en-edificio-49919728.html
https://www.zonaprop.com.ar,$ 3.648.000,$ 70.000,Guatemala al 5100,238,3,5,https://www.zonaprop.com.ar/departamentos-alquiler-capital-federal-mas-de-3-habitaciones-a-estrenar-pagina-2.html,https://www.zonaprop.com.ar/propiedades/alquiler-torre-bella-4-amb-piso-alto-238-m.-tot.-52636570.html
https://www.zonaprop.com.ar,Consultar precio,$ 1.111,Martin Coronado  al 3300,397,3,3,https://www.zonaprop.com.ar/departamentos-alquiler-capital-federal-mas-de-3-habitaciones-a-estrenar-pagina-2.html,https://www.zonaprop.com.ar/propiedades/departamento-en-palermo-chico-52718463.html
https://www.zonaprop.com.ar,Consultar precio,,Figueroa Alcorta al 3000,320,3,3,https://www.zonaprop.com.ar/departamentos-alquiler-capital-federal-mas-de-3-habitaciones-a-estrenar-pagina-2.html,https://www.zonaprop.com.ar/propiedades/departamento-de-3-dorm.-y-2-cocheras-en-palermo-chico.-52433331.html
https://www.zonaprop.com.ar,Consultar precio,,Martin Coronado 3600,411,3,3,https://www.zonaprop.com.ar/departamentos-alquiler-capital-federal-mas-de-3-habitaciones-a-estrenar-pagina-2.html,https://www.zonaprop.com.ar/propiedades/alquiler-venta-martin-coronado-barrio-parque-3-52588440.html
https://www.zonaprop.com.ar,$ 3.600.000,$ 100.000,Guatemala al 5100,215,3,5,https://www.zonaprop.com.ar/departamentos-alquiler-capital-federal-mas-de-3-habitaciones-a-estrenar-pagina-2.html,https://www.zonaprop.com.ar/propiedades/alquiler-torre-bella-5-amb-c-dep-piso-alto-215-m.-52636567.html
https://www.zonaprop.com.ar,Consultar precio,$ 170.000,Avda Alvear 1,130,4,not found,https://www.zonaprop.com.ar/departamentos-alquiler-capital-federal-mas-de-3-habitaciones-a-estrenar-pagina-2.html,https://www.zonaprop.com.ar/propiedades/departamento-en-recoleta-52468952.html
https://www.zonaprop.com.ar,Consultar precio,$ 25.000,Alvear al 1500,175,6,3,https://www.zonaprop.com.ar/departamentos-alquiler-capital-federal-mas-de-3-habitaciones-a-estrenar-pagina-2.html,https://www.zonaprop.com.ar/propiedades/departamento-en-alvear-impecable-y-amoblado-52691829.html
https://www.zonaprop.com.ar,Consultar precio,$ 135.000,Juan Francisco Segui al 3900,160,3,2,https://www.zonaprop.com.ar/departamentos-alquiler-capital-federal-mas-de-3-habitaciones-a-estrenar-pagina-2.html,https://www.zonaprop.com.ar/propiedades/alquiler-departamento-ubicado-en-el-corazon-de-palermo-52561473.html
https://www.zonaprop.com.ar,$ 2.000.000,$ 240.000,Av. Congreso  al 1500,140,3,2,https://www.zonaprop.com.ar/departamentos-alquiler-capital-federal-mas-de-3-habitaciones-a-estrenar-pagina-2.html,https://www.zonaprop.com.ar/propiedades/alquiler-departamento-4-amb.-full-amenities!-amoblado-52813201.html
https://www.zonaprop.com.ar,$ 5.500.000,$ 350.000,Guatemala al 5100,335,4,4,https://www.zonaprop.com.ar/departamentos-alquiler-capital-federal-mas-de-3-habitaciones-a-estrenar-pagina-2.html,https://www.zonaprop.com.ar/propiedades/alquiler-torre-bella-5-amb-en-piso-35-335-m-a-52636584.html
https://www.zonaprop.com.ar,Consultar precio,,Alvear al 1300,430,4,4,https://www.zonaprop.com.ar/departamentos-alquiler-capital-federal-mas-de-3-habitaciones-a-estrenar-pagina-2.html,https://www.zonaprop.com.ar/propiedades/departamento-recoleta-50602833.html
https://www.zonaprop.com.ar,Consultar precio,,Azucena Villaflor al 500,435,4,4,https://www.zonaprop.com.ar/departamentos-alquiler-capital-federal-mas-de-3-habitaciones-a-estrenar-pagina-2.html,https://www.zonaprop.com.ar/propiedades/venta-exclusivo-5-ambientes-en-alvear-tower-con-51274300.html
https://www.zonaprop.com.ar,Consultar precio,,Migueletes al 1100,365,4,4,https://www.zonaprop.com.ar/departamentos-alquiler-capital-federal-mas-de-3-habitaciones-a-estrenar-pagina-2.html,https://www.zonaprop.com.ar/propiedades/excelente-piso-en-torre-con-amenities-y-cuatro-51754229.html
https://www.zonaprop.com.ar,$ 10.000.000,,Castaneda al 2000,290,3,5,https://www.zonaprop.com.ar/departamentos-alquiler-capital-federal-mas-de-3-habitaciones-a-estrenar-pagina-2.html,https://www.zonaprop.com.ar/propiedades/excelente-departamento-forum-alcorta.-piso-alto.-52801084.html
https://www.zonaprop.com.ar,$ 2.325.000,,Migueletes al 1600,169,3,3,https://www.zonaprop.com.ar/departamentos-alquiler-capital-federal-mas-de-3-habitaciones-a-estrenar-pagina-2.html,https://www.zonaprop.com.ar/propiedades/departamento-belgrano-chico-52641259.html
https://www.zonaprop.com.ar,Consultar precio,,"Alquiler 5 Ambientes + Dependencia, Torres DEL Yacht - Puerto Madero",230,4,3,https://www.zonaprop.com.ar/departamentos-alquiler-capital-federal-mas-de-3-habitaciones-a-estrenar-pagina-3.html,https://www.zonaprop.com.ar/propiedades/alquiler-5-ambientes-ideal-embajadores-torres-del-52686027.html
https://www.zonaprop.com.ar,$ 550.000,$ 30.000,Acuña de Figueroa  al 700,100,3,2,https://www.zonaprop.com.ar/departamentos-alquiler-capital-federal-mas-de-3-habitaciones-a-estrenar-pagina-3.html,https://www.zonaprop.com.ar/propiedades/alquiler-temporal-6-meses-enorme-4-amb-mas-52838648.html
https://www.zonaprop.com.ar,Consultar precio,,Virrey Olaguer y Feliu,132,3,3,https://www.zonaprop.com.ar/departamentos-alquiler-capital-federal-mas-de-3-habitaciones-a-estrenar-pagina-3.html,https://www.zonaprop.com.ar/propiedades/departamentos-a-estrenar-52800422.html
https://www.zonaprop.com.ar,Consultar precio,$ 167.000,Departamento en Alquiler Amoblado - Juncal 750,380,3,3,https://www.zonaprop.com.ar/departamentos-alquiler-capital-federal-mas-de-3-habitaciones-a-estrenar-pagina-3.html,https://www.zonaprop.com.ar/propiedades/departamento-en-alquiler-amoblado-juncal-750-52708425.html
https://www.zonaprop.com.ar,$ 2.000.000,,Virrey del Pino  al 2100,185,3,2,https://www.zonaprop.com.ar/departamentos-alquiler-capital-federal-mas-de-3-habitaciones-a-estrenar-pagina-3.html,https://www.zonaprop.com.ar/propiedades/excelente-departamento-4-amb.-con-dep.-en-belgrano-52801072.html
https://www.zonaprop.com.ar,$ 3.700.000,,Guatemala y Godoy Cruz,236,3,3,https://www.zonaprop.com.ar/departamentos-alquiler-capital-federal-mas-de-3-habitaciones-a-estrenar-pagina-3.html,https://www.zonaprop.com.ar/propiedades/4amb-dep.-en-torre-bella-balcon-terraza-52835446.html
https://www.zonaprop.com.ar,$ 3.900.000,,Guatemala y Godoy Cruz,236,3,3,https://www.zonaprop.com.ar/departamentos-alquiler-capital-federal-mas-de-3-habitaciones-a-estrenar-pagina-3.html,https://www.zonaprop.com.ar/propiedades/4amb-dep.-en-torre-bella-balcon-terraza-52835386.html
https://www.zonaprop.com.ar,$ 4.900.000,$ 150.000,Guatemala 5100,235,3,5,https://www.zonaprop.com.ar/departamentos-alquiler-capital-federal-mas-de-3-habitaciones-a-estrenar-pagina-3.html,https://www.zonaprop.com.ar/propiedades/departamento-en-alquiler-en-palermo-soho-capital-52779995.html
https://www.zonaprop.com.ar,Consultar precio,$ 230.000,Sucre al 2900,220,3,5,https://www.zonaprop.com.ar/departamentos-alquiler-capital-federal-mas-de-3-habitaciones-a-estrenar-pagina-3.html,https://www.zonaprop.com.ar/propiedades/departamento-belgrano-52510951.html
https://www.zonaprop.com.ar,Consultar precio,,Av. Figueroa Alcorta  al 3000,260,3,3,https://www.zonaprop.com.ar/departamentos-alquiler-capital-federal-mas-de-3-habitaciones-a-estrenar-pagina-3.html,https://www.zonaprop.com.ar/propiedades/alquiler-palermo-chico-edificio-grand-bourg-retasado-52282167.html
https://www.zonaprop.com.ar,$ 700.000,$ 30.000,Fonrouge 200,97,3,2,https://www.zonaprop.com.ar/departamentos-alquiler-capital-federal-mas-de-3-habitaciones-a-estrenar-pagina-3.html,https://www.zonaprop.com.ar/propiedades/alquiler-4-ambientes-premium-sum-sauna-departamento-50957809.html
https://www.zonaprop.com.ar,$ 1.111.111,,Guatemala  al 5100,220,3,not found,https://www.zonaprop.com.ar/departamentos-alquiler-capital-federal-mas-de-3-habitaciones-a-estrenar-pagina-3.html,https://www.zonaprop.com.ar/propiedades/departamento-en-guatemala-5100-52561900.html
https://www.zonaprop.com.ar,Consultar precio,,Coronel Diaz al 2500,266,3,3,https://www.zonaprop.com.ar/departamentos-alquiler-capital-federal-mas-de-3-habitaciones-a-estrenar-pagina-3.html,https://www.zonaprop.com.ar/propiedades/venta-palermo-52758651.html
https://www.zonaprop.com.ar,Consultar precio,$ 190.000,Lafinur 3200,155,3,4,https://www.zonaprop.com.ar/departamentos-alquiler-capital-federal-mas-de-3-habitaciones-a-estrenar-pagina-3.html,https://www.zonaprop.com.ar/propiedades/piso-alquiler-palermo-chico-4-amb-cochera-vigilancia-52815340.html
https://www.zonaprop.com.ar,$ 8.400.000,,Av. Libertador  al 7000,400,3,5,https://www.zonaprop.com.ar/departamentos-alquiler-capital-federal-mas-de-3-habitaciones-a-estrenar-pagina-3.html,https://www.zonaprop.com.ar/propiedades/departamento-con-gran-terraza-chateau-libertador-52801080.html
https://www.zonaprop.com.ar,Consultar precio,$ 494.000,Alvear Tower Azucena Villaflor al 500,262,3,4,https://www.zonaprop.com.ar/departamentos-alquiler-capital-federal-mas-de-3-habitaciones-a-estrenar-pagina-3.html,https://www.zonaprop.com.ar/propiedades/departamento-puerto-madero-52838127.html
https://www.zonaprop.com.ar,$ 995.000,,Lope De Vega  400 2°,114,3,2,https://www.zonaprop.com.ar/departamentos-alquiler-capital-federal-mas-de-3-habitaciones-a-estrenar-pagina-3.html,https://www.zonaprop.com.ar/propiedades/semi-piso-a-estrenar-4-ambientes-2-cocheras-51691480.html
https://www.zonaprop.com.ar,$ 2.500.000,,Virrey Olaguer y Feliu,132,3,3,https://www.zonaprop.com.ar/departamentos-alquiler-capital-federal-mas-de-3-habitaciones-a-estrenar-pagina-3.html,https://www.zonaprop.com.ar/propiedades/departamentos-a-estrenar-52815947.html
https://www.zonaprop.com.ar,$ 10.000.000,,Forum Alcorta,350,4,5,https://www.zonaprop.com.ar/departamentos-alquiler-capital-federal-mas-de-3-habitaciones-a-estrenar-pagina-3.html,https://www.zonaprop.com.ar/propiedades/ideal-embajada.-departamento-alquiler-forum-alcorta-52801085.html
https://www.zonaprop.com.ar,$ 3.720.000,,"Migueletes al 1600, Piso 13°",192,3,4,https://www.zonaprop.com.ar/departamentos-alquiler-capital-federal-mas-de-3-habitaciones-a-estrenar-pagina-3.html,https://www.zonaprop.com.ar/propiedades/departamento-belgrano-chico-52784162.html
https://www.zonaprop.com.ar,Consultar precio,$ 250.000,Marta Lynch al 500,178,3,4,https://www.zonaprop.com.ar/departamentos-alquiler-capital-federal-mas-de-3-habitaciones-a-estrenar-pagina-4.html,https://www.zonaprop.com.ar/propiedades/departamento-en-puerto-madero-52330855.html
https://www.zonaprop.com.ar,$ 1.000,$ 84.636,Cerviño al 3200,130,3,3,https://www.zonaprop.com.ar/departamentos-alquiler-capital-federal-mas-de-3-habitaciones-a-estrenar-pagina-4.html,https://www.zonaprop.com.ar/propiedades/increible-semipiso-de-4-ambientes-con-dependencia.-52701445.html
https://www.zonaprop.com.ar,Consultar precio,,Mariscal Ramón Castilla  al 3000,600,4,5,https://www.zonaprop.com.ar/departamentos-alquiler-capital-federal-mas-de-3-habitaciones-a-estrenar-pagina-4.html,https://www.zonaprop.com.ar/propiedades/espectacular-departamento-en-alquiler-palermo-chico-52157967.html
https://www.zonaprop.com.ar,$ 5.000.000,,Chateau Puerto Madero - Julieta Lanteri 1300,176,3,4,https://www.zonaprop.com.ar/departamentos-alquiler-capital-federal-mas-de-3-habitaciones-a-estrenar-pagina-4.html,https://www.zonaprop.com.ar/propiedades/departamento-de-4-ambientes-amoblado-en-alquiler-52782343.html
https://www.zonaprop.com.ar,Consultar precio,$ 51.000,Arcos al 1800,285,4,3,https://www.zonaprop.com.ar/departamentos-alquiler-capital-federal-mas-de-3-habitaciones-a-estrenar-pagina-4.html,https://www.zonaprop.com.ar/propiedades/unico-semipiso-de-5-amb-de-285-m-sup2--en-excelentes-52322946.html
https://www.zonaprop.com.ar,Consultar precio,$ 60.000,San Benito de Palermo 1500,125,3,2,https://www.zonaprop.com.ar/departamentos-alquiler-capital-federal-mas-de-3-habitaciones-a-estrenar-pagina-4.html,https://www.zonaprop.com.ar/propiedades/departamento-belgrano-52559520.html
https://www.zonaprop.com.ar,Consultar precio,$ 1.200.000,Olleros al 2000,611,4,5,https://www.zonaprop.com.ar/departamentos-alquiler-capital-federal-mas-de-3-habitaciones-a-estrenar-pagina-4.html,https://www.zonaprop.com.ar/propiedades/departamento-belgrano-51117784.html
https://www.zonaprop.com.ar,$ 1.500,$ 75.000,Avda Coronel Diaz al 2400,125,3,2,https://www.zonaprop.com.ar/departamentos-alquiler-capital-federal-mas-de-3-habitaciones-a-estrenar-pagina-4.html,https://www.zonaprop.com.ar/propiedades/cnel-diaz-y-pena-3-dormit.-4amb-125-m-semi-amobl.-52595174.html
https://www.zonaprop.com.ar,Consultar precio,,Uruguay 115,150,3,2,https://www.zonaprop.com.ar/departamentos-alquiler-capital-federal-mas-de-3-habitaciones-a-estrenar-pagina-4.html,https://www.zonaprop.com.ar/propiedades/historico-estilo-frances.-52737319.html
https://www.zonaprop.com.ar,$ 2.000.000,$ 120.000,Juncal al 3200,175,3,2,https://www.zonaprop.com.ar/departamentos-alquiler-capital-federal-mas-de-3-habitaciones-a-estrenar-pagina-4.html,https://www.zonaprop.com.ar/propiedades/departamento-en-torre-de-categoria-con-amenities-y-52507696.html
https://www.zonaprop.com.ar,$ 7.500.000,,Azucena Villaflor al 500,250,3,3,https://www.zonaprop.com.ar/departamentos-alquiler-capital-federal-mas-de-3-habitaciones-a-estrenar-pagina-4.html,https://www.zonaprop.com.ar/propiedades/4amb-dependencia-a-estrenar-en-alvear-tower-piso-52509695.html
https://www.zonaprop.com.ar,$ 6.000,,Guatemala  al 5500,234,3,3,https://www.zonaprop.com.ar/departamentos-alquiler-capital-federal-mas-de-3-habitaciones-a-estrenar-pagina-4.html,https://www.zonaprop.com.ar/propiedades/departamento-en-alquiler-a-estrenar-52658974.html
https://www.zonaprop.com.ar,Consultar precio,$ 150.000,Juncal AL 3200,150,3,3,https://www.zonaprop.com.ar/departamentos-alquiler-capital-federal-mas-de-3-habitaciones-a-estrenar-pagina-4.html,https://www.zonaprop.com.ar/propiedades/departamento-en-torre-3-ambientes.-1-cochera.-vista-al-52500007.html
https://www.zonaprop.com.ar,Consultar precio,$ 180.000,Villanueva 1175,153,3,4,https://www.zonaprop.com.ar/departamentos-alquiler-capital-federal-mas-de-3-habitaciones-a-estrenar-pagina-4.html,https://www.zonaprop.com.ar/propiedades/departamento-en-alquiler-de-3-dorm.-c-2-cocheras-en-51909650.html
https://www.zonaprop.com.ar,$ 2.222.000,,"Migueletes 1600, Piso 8°",135,3,2,https://www.zonaprop.com.ar/departamentos-alquiler-capital-federal-mas-de-3-habitaciones-a-estrenar-pagina-4.html,https://www.zonaprop.com.ar/propiedades/departamento-belgrano-chico-52848237.html
https://www.zonaprop.com.ar,Consultar precio,,Guido  al 1900,140,3,2,https://www.zonaprop.com.ar/departamentos-alquiler-capital-federal-mas-de-3-habitaciones-a-estrenar-pagina-4.html,https://www.zonaprop.com.ar/propiedades/departamento-en-recoleta-alquiler-temporario-52194452.html
https://www.zonaprop.com.ar,$ 6.000.000,,Jeronimo Salguero al 3000,150,3,2,https://www.zonaprop.com.ar/departamentos-alquiler-capital-federal-mas-de-3-habitaciones-a-estrenar-pagina-4.html,https://www.zonaprop.com.ar/propiedades/salguero-design-departamento-de-lujo-en-palermo-52791423.html
https://www.zonaprop.com.ar,$ 7.500.000,,Azucena Villaflor 500,216,3,3,https://www.zonaprop.com.ar/departamentos-alquiler-capital-federal-mas-de-3-habitaciones-a-estrenar-pagina-4.html,https://www.zonaprop.com.ar/propiedades/espectacular-4amb-dep.-a-estrenar-en-alvear-tower-52649235.html
https://www.zonaprop.com.ar,$ 12.180.000,,Azucena Villaflor al 500,250,3,3,https://www.zonaprop.com.ar/departamentos-alquiler-capital-federal-mas-de-3-habitaciones-a-estrenar-pagina-4.html,https://www.zonaprop.com.ar/propiedades/4amb-dependencia-amueblado-en-alvear-tower-piso-52627679.html
https://www.zonaprop.com.ar,Consultar precio,,Demaria al 4500,400,4,5,https://www.zonaprop.com.ar/departamentos-alquiler-capital-federal-mas-de-3-habitaciones-a-estrenar-pagina-4.html,https://www.zonaprop.com.ar/propiedades/departamento-palermo-chico-50416649.html
https://www.zonaprop.com.ar,$ 2.300.000,$ 60.000,Av Cramer 3065,175,3,2,https://www.zonaprop.com.ar/departamentos-alquiler-capital-federal-mas-de-3-habitaciones-a-estrenar-pagina-5.html,https://www.zonaprop.com.ar/propiedades/excelente.-departamento-4-ambientes-con-cochera.-zona-50544200.html
https://www.zonaprop.com.ar,Consultar precio,,Libertad al 1000,197,3,2,https://www.zonaprop.com.ar/departamentos-alquiler-capital-federal-mas-de-3-habitaciones-a-estrenar-pagina-5.html,https://www.zonaprop.com.ar/propiedades/piso-de-tres-dorm.-amoblado-de-gran-categoria-en-52857852.html
https://www.zonaprop.com.ar,$ 1.550.000,$ 30.000,,212,3,2,https://www.zonaprop.com.ar/departamentos-alquiler-capital-federal-mas-de-3-habitaciones-a-estrenar-pagina-5.html,https://www.zonaprop.com.ar/propiedades/semipiso-exclus.-212-m-sup2--zona-pza-arenales-50057817.html
https://www.zonaprop.com.ar,Consultar precio,,Marta Lynch  al 400,209,3,2,https://www.zonaprop.com.ar/departamentos-alquiler-capital-federal-mas-de-3-habitaciones-a-estrenar-pagina-5.html,https://www.zonaprop.com.ar/propiedades/departamento-en-alquiler-amoblado-torre-renoir-en-52846149.html
https://www.zonaprop.com.ar,Consultar precio,$ 120.000,,88,3,not found,https://www.zonaprop.com.ar/departamentos-alquiler-capital-federal-mas-de-3-habitaciones-a-estrenar-pagina-5.html,https://www.zonaprop.com.ar/propiedades/alquiler-deptos-a-estrenar-4-amb-con-cochera-sum-52649362.html
https://www.zonaprop.com.ar,Consultar precio,,Juncal al 3100,285,4,3,https://www.zonaprop.com.ar/departamentos-alquiler-capital-federal-mas-de-3-habitaciones-a-estrenar-pagina-5.html,https://www.zonaprop.com.ar/propiedades/departamento-palermo-52620712.html
https://www.zonaprop.com.ar,$ 410.000,,,92,3,not found,https://www.zonaprop.com.ar/departamentos-alquiler-capital-federal-mas-de-3-habitaciones-a-estrenar-pagina-5.html,https://www.zonaprop.com.ar/propiedades/alquiler-4-ambientes-en-monserrat-sin-garantia-52841452.html
https://www.zonaprop.com.ar,Consultar precio,,Posadas. 3-4dormitorios. Balcón. Cochera,203,3,3,https://www.zonaprop.com.ar/departamentos-alquiler-capital-federal-mas-de-3-habitaciones-a-estrenar-pagina-5.html,https://www.zonaprop.com.ar/propiedades/alquiler-con-o-sin-muebles-52793729.html
https://www.zonaprop.com.ar,$ 5.760.000,$ 100.000,Guatemala al 5100,335,4,7,https://www.zonaprop.com.ar/departamentos-alquiler-capital-federal-mas-de-3-habitaciones-a-estrenar-pagina-5.html,https://www.zonaprop.com.ar/propiedades/alquiler-torre-bella-5-amb-335-m-piso-altisimo-52636569.html
https://www.zonaprop.com.ar,Consultar precio,,Ramsay al 2000,390,5,5,https://www.zonaprop.com.ar/departamentos-alquiler-capital-federal-mas-de-3-habitaciones-a-estrenar-pagina-5.html,https://www.zonaprop.com.ar/propiedades/departamento-en-en-forum-alcorta-52307089.html
https://www.zonaprop.com.ar,Consultar precio,,Demaria al 4500,400,3,4,https://www.zonaprop.com.ar/departamentos-alquiler-capital-federal-mas-de-3-habitaciones-a-estrenar-pagina-5.html,https://www.zonaprop.com.ar/propiedades/alquiler-le-parc-piso-alto-3-dorm.-3-cocheras.-49980221.html
https://www.zonaprop.com.ar,Consultar precio,$ 240.000,República de la India  3000,206,4,3,https://www.zonaprop.com.ar/departamentos-alquiler-capital-federal-mas-de-3-habitaciones-a-estrenar-pagina-5.html,https://www.zonaprop.com.ar/propiedades/ecoparque-palermo-4-dorm.-con-cochera-y-baulera.-52712205.html
https://www.zonaprop.com.ar,$ 1.000.000,$ 120.000,La Pampa   al 2800,120,3,2,https://www.zonaprop.com.ar/departamentos-alquiler-capital-federal-mas-de-3-habitaciones-a-estrenar-pagina-5.html,https://www.zonaprop.com.ar/propiedades/3-dorm.-con-cochera-en-alquiler-oportunidad-52826627.html
https://www.zonaprop.com.ar,Consultar precio,$ 239.000,Lafinur al 3300,186,3,3,https://www.zonaprop.com.ar/departamentos-alquiler-capital-federal-mas-de-3-habitaciones-a-estrenar-pagina-5.html,https://www.zonaprop.com.ar/propiedades/alquiler-departamento-4-ambientes-52807065.html
https://www.zonaprop.com.ar,$ 650.000,$ 54.000,Av Libertador 6000,67,3,not found,https://www.zonaprop.com.ar/departamentos-alquiler-capital-federal-mas-de-3-habitaciones-a-estrenar-pagina-5.html,https://www.zonaprop.com.ar/propiedades/alquiler-departamento-3-ambientes-con-cochera-52764273.html
https://www.zonaprop.com.ar,Consultar precio,$ 280.000,Departamento en Alquiler en Castex 3280,268,4,3,https://www.zonaprop.com.ar/departamentos-alquiler-capital-federal-mas-de-3-habitaciones-a-estrenar-pagina-5.html,https://www.zonaprop.com.ar/propiedades/alquiler-de-departamento-de-5-ambientes-en-palermo-52473974.html
https://www.zonaprop.com.ar,Consultar precio,,Renoir  - 5 Ambientes - 235 m2 - Único - Piso Alto - Marta Lynch  al 400,235,4,4,https://www.zonaprop.com.ar/departamentos-alquiler-capital-federal-mas-de-3-habitaciones-a-estrenar-pagina-5.html,https://www.zonaprop.com.ar/propiedades/departamento-en-puerto-madero-torre-renoir-5-52757558.html
https://www.zonaprop.com.ar,Consultar precio,$ 250.000,Av. Libertador 2677 PB,460,3,2,https://www.zonaprop.com.ar/departamentos-alquiler-capital-federal-mas-de-3-habitaciones-a-estrenar-pagina-5.html,https://www.zonaprop.com.ar/propiedades/departamento-en-palermo-chico-52505701.html
https://www.zonaprop.com.ar,Consultar precio,$ 195.000,Av. Del Libertador al 5000,180,4,3,https://www.zonaprop.com.ar/departamentos-alquiler-capital-federal-mas-de-3-habitaciones-a-estrenar-pagina-5.html,https://www.zonaprop.com.ar/propiedades/alquiler-departamento-5-ambientes-con-cochera-en-52636992.html
https://www.zonaprop.com.ar,Consultar precio,,Santos Dumont al 3400,154,3,2,https://www.zonaprop.com.ar/departamentos-alquiler-capital-federal-mas-de-3-habitaciones-a-estrenar-pagina-5.html,https://www.zonaprop.com.ar/propiedades/departamento-en-palermo-4-amb-con-amenities-y-terraza-52802342.html
https://www.zonaprop.com.ar,Consultar precio,$ 150.000,Macacha Guemes  al 300,249,3,4,https://www.zonaprop.com.ar/departamentos-alquiler-capital-federal-mas-de-3-habitaciones-a-estrenar-pagina-6.html,https://www.zonaprop.com.ar/propiedades/departamento-en-alquiler-en-puerto-madero-51976320.html
https://www.zonaprop.com.ar,$ 4.200.000,$ 90.000,French y Laprida,250,3,2,https://www.zonaprop.com.ar/departamentos-alquiler-capital-federal-mas-de-3-habitaciones-a-estrenar-pagina-6.html,https://www.zonaprop.com.ar/propiedades/departamento-recoleta-52557805.html
https://www.zonaprop.com.ar,$ 2.300.000,$ 200.000,Av. Del Libertador al 5000,180,3,2,https://www.zonaprop.com.ar/departamentos-alquiler-capital-federal-mas-de-3-habitaciones-a-estrenar-pagina-6.html,https://www.zonaprop.com.ar/propiedades/alquiler-departamento-5-ambientes-con-cochera-en-52637036.html
https://www.zonaprop.com.ar,Consultar precio,$ 229.000,Ortega Y Gasset 1929,102,3,2,https://www.zonaprop.com.ar/departamentos-alquiler-capital-federal-mas-de-3-habitaciones-a-estrenar-pagina-6.html,https://www.zonaprop.com.ar/propiedades/departamento-4-ambientes-con-cochera-baulera-y-52809946.html
https://www.zonaprop.com.ar,Consultar precio,$ 365.558,Av. del Libertador  al 3500,310,3,3,https://www.zonaprop.com.ar/departamentos-alquiler-capital-federal-mas-de-3-habitaciones-a-estrenar-pagina-6.html,https://www.zonaprop.com.ar/propiedades/av-del-libertador-y-kennedy-espectacular-dpto-con-52616882.html
https://www.zonaprop.com.ar,Consultar precio,$ 223.000,Juan Mora Fernández  al 2900,173,3,2,https://www.zonaprop.com.ar/departamentos-alquiler-capital-federal-mas-de-3-habitaciones-a-estrenar-pagina-6.html,https://www.zonaprop.com.ar/propiedades/departamento-en-palermo-chico-52759324.html
https://www.zonaprop.com.ar,$ 900.000,$ 94.000,Ciudad de La Paz y Lacroze,87,3,not found,https://www.zonaprop.com.ar/departamentos-alquiler-capital-federal-mas-de-3-habitaciones-a-estrenar-pagina-6.html,https://www.zonaprop.com.ar/propiedades/departamento-en-alquiler-52789459.html
https://www.zonaprop.com.ar,Consultar precio,$ 197.000,Quintana al 400,200,4,2,https://www.zonaprop.com.ar/departamentos-alquiler-capital-federal-mas-de-3-habitaciones-a-estrenar-pagina-6.html,https://www.zonaprop.com.ar/propiedades/alquiler-departamento-5-ambientes-recoleta-50606218.html
https://www.zonaprop.com.ar,Consultar precio,$ 350.000,Alvear  al 1300,400,3,3,https://www.zonaprop.com.ar/departamentos-alquiler-capital-federal-mas-de-3-habitaciones-a-estrenar-pagina-6.html,https://www.zonaprop.com.ar/propiedades/departamento-de-3-dorm.-en-suite-amoblado-elegante-y-51755411.html
https://www.zonaprop.com.ar,Consultar precio,$ 400.000,3 DE Febrero 900,375,4,4,https://www.zonaprop.com.ar/departamentos-alquiler-capital-federal-mas-de-3-habitaciones-a-estrenar-pagina-6.html,https://www.zonaprop.com.ar/propiedades/excelente-departamento-en-alquiler-duplex-con-52591592.html
https://www.zonaprop.com.ar,Consultar precio,$ 100.000,Pueyrredon  al 2400,277,4,5,https://www.zonaprop.com.ar/departamentos-alquiler-capital-federal-mas-de-3-habitaciones-a-estrenar-pagina-6.html,https://www.zonaprop.com.ar/propiedades/departamento-en-alquiler-6-ambientes-en-recoleta-51887814.html
https://www.zonaprop.com.ar,Consultar precio,$ 1,Forum Alcorta - 6 Ambientes- 4 Cocheras- Balcón Terraza - Full Amenities,390,4,4,https://www.zonaprop.com.ar/departamentos-alquiler-capital-federal-mas-de-3-habitaciones-a-estrenar-pagina-6.html,https://www.zonaprop.com.ar/propiedades/departamento-en-belgrano-forum-51800989.html
https://www.zonaprop.com.ar,Consultar precio,,SLS - Rosario Vera Peñaloza al 300 - 4 Ambientes -255 m2,255,3,3,https://www.zonaprop.com.ar/departamentos-alquiler-capital-federal-mas-de-3-habitaciones-a-estrenar-pagina-6.html,https://www.zonaprop.com.ar/propiedades/departamento-puerto-madero-52785231.html
https://www.zonaprop.com.ar,Consultar precio,$ 200.000,Av. Libertador  al 2100,180,3,2,https://www.zonaprop.com.ar/departamentos-alquiler-capital-federal-mas-de-3-habitaciones-a-estrenar-pagina-6.html,https://www.zonaprop.com.ar/propiedades/departamento-en-alquiler-52760411.html
https://www.zonaprop.com.ar,Consultar precio,$ 520.000,Macacha Guemes al 300,208,4,2,https://www.zonaprop.com.ar/departamentos-alquiler-capital-federal-mas-de-3-habitaciones-a-estrenar-pagina-6.html,https://www.zonaprop.com.ar/propiedades/u$s-4.000-3-amb-208-m-sup2--dependencia-2-52863278.html
https://www.zonaprop.com.ar,Consultar precio,,"Rodriguez Peña  al 1900, 2 Piso. Recoleta",246,3,3,https://www.zonaprop.com.ar/departamentos-alquiler-capital-federal-mas-de-3-habitaciones-a-estrenar-pagina-6.html,https://www.zonaprop.com.ar/propiedades/rodriguez-pena-al-1900-2-piso-fte-muy-luminoso-52579031.html
https://www.zonaprop.com.ar,$ 4.000.000,,Guatemala al 5500,215,3,3,https://www.zonaprop.com.ar/departamentos-alquiler-capital-federal-mas-de-3-habitaciones-a-estrenar-pagina-6.html,https://www.zonaprop.com.ar/propiedades/torre-bella-guatemala-y-oro-215-m-sup2--3-dorm-cochera-52778851.html
https://www.zonaprop.com.ar,$ 2.100.000,,Jerónimo Salguero al 2500,105,3,3,https://www.zonaprop.com.ar/departamentos-alquiler-capital-federal-mas-de-3-habitaciones-a-estrenar-pagina-6.html,https://www.zonaprop.com.ar/propiedades/park-residence-semipiso-exclusivo-en-el-barrio-de-52791267.html
https://www.zonaprop.com.ar,Consultar precio,$ 75.000,Boulevard Rosario Vera Peñaloza al 400,400,3,5,https://www.zonaprop.com.ar/departamentos-alquiler-capital-federal-mas-de-3-habitaciones-a-estrenar-pagina-6.html,https://www.zonaprop.com.ar/propiedades/retasado-especatcular-duplex-penthouse-zencity-49099554.html
https://www.zonaprop.com.ar,Consultar precio,$ 150.000,Rosario Vera Peñaloza al 500,345,3,5,https://www.zonaprop.com.ar/departamentos-alquiler-capital-federal-mas-de-3-habitaciones-a-estrenar-pagina-6.html,https://www.zonaprop.com.ar/propiedades/retasado-zencity-penthouse-oportunidad-unica-52790209.html
https://www.zonaprop.com.ar,Consultar precio,$ 40.000,Chenaut 1700,165,3,3,https://www.zonaprop.com.ar/departamentos-alquiler-capital-federal-mas-de-3-habitaciones-a-estrenar-pagina-7.html,https://www.zonaprop.com.ar/propiedades/alquiler-chenaut-1700-4-amb.-c-dos-cocheras-belgrano-51688387.html
https://www.zonaprop.com.ar,$ 1.200.000,,Beruti al 2700  A Reciclar 4 Ambientes CON Cochera - Piso Bajo - 2 Balcones,150,3,2,https://www.zonaprop.com.ar/departamentos-alquiler-capital-federal-mas-de-3-habitaciones-a-estrenar-pagina-7.html,https://www.zonaprop.com.ar/propiedades/beruti-al-2700-esq-anchorena-150-m-sup2--4-ambientes-52597575.html
https://www.zonaprop.com.ar,Consultar precio,,Castañeda al 2000,516,4,6,https://www.zonaprop.com.ar/departamentos-alquiler-capital-federal-mas-de-3-habitaciones-a-estrenar-pagina-7.html,https://www.zonaprop.com.ar/propiedades/departamento-belgrano-chico-49407893.html
https://www.zonaprop.com.ar,Consultar precio,,,150,3,4,https://www.zonaprop.com.ar/departamentos-alquiler-capital-federal-mas-de-3-habitaciones-a-estrenar-pagina-7.html,https://www.zonaprop.com.ar/propiedades/departamento-en-chateau-puerto-madero-martha-salotti-51599260.html
https://www.zonaprop.com.ar,Consultar precio,,Las Heras al 1600,600,5,5,https://www.zonaprop.com.ar/departamentos-alquiler-capital-federal-mas-de-3-habitaciones-a-estrenar-pagina-7.html,https://www.zonaprop.com.ar/propiedades/piso-vivienda-apto-prof-en-recoleta-las-heras-a-m-de-52107413.html
https://www.zonaprop.com.ar,Consultar precio,,4 Ambientes en Juan Francisco Segui  al 4400,210,3,3,https://www.zonaprop.com.ar/departamentos-alquiler-capital-federal-mas-de-3-habitaciones-a-estrenar-pagina-7.html,https://www.zonaprop.com.ar/propiedades/4-ambientes-en-juan-francisco-segui-al-4400-51906091.html
https://www.zonaprop.com.ar,Consultar precio,$ 30.000,Av. Monroe 2450,140,4,3,https://www.zonaprop.com.ar/departamentos-alquiler-capital-federal-mas-de-3-habitaciones-a-estrenar-pagina-7.html,https://www.zonaprop.com.ar/propiedades/4-ambientes-dep.-lumiere-belgrano.-increible-vista-a-52702541.html
https://www.zonaprop.com.ar,$ 2.300.000,,Virrey Olaguer y Feliu al 2400,132,3,2,https://www.zonaprop.com.ar/departamentos-alquiler-capital-federal-mas-de-3-habitaciones-a-estrenar-pagina-7.html,https://www.zonaprop.com.ar/propiedades/departamento-en-alquiler-4-ambientes-a-estrenar-52802038.html
https://www.zonaprop.com.ar,$ 1.500.000,$ 80.000,Republica Arabe Siria  al 3200,130,3,2,https://www.zonaprop.com.ar/departamentos-alquiler-capital-federal-mas-de-3-habitaciones-a-estrenar-pagina-7.html,https://www.zonaprop.com.ar/propiedades/departamento-en-palermo-52833855.html
https://www.zonaprop.com.ar,$ 1.200.000,,Beruti al 2700  A Reciclar 4 Ambientes CON Cochera - Piso Bajo - 2 Balcones,150,3,2,https://www.zonaprop.com.ar/departamentos-alquiler-capital-federal-mas-de-3-habitaciones-a-estrenar-pagina-7.html,https://www.zonaprop.com.ar/propiedades/beruti-al-2700-esq-anchorena-150-m-sup2--4-ambientes-52632632.html
https://www.zonaprop.com.ar,Consultar precio,$ 180.000,Único Triplex - 2 Terrazas - Parrilla - 3 Coch - Depe - Renta U$S,310,3,5,https://www.zonaprop.com.ar/departamentos-alquiler-capital-federal-mas-de-3-habitaciones-a-estrenar-pagina-7.html,https://www.zonaprop.com.ar/propiedades/unico-triplex-2-terrezas-parrilla-3-coch-depe-52732393.html
https://www.zonaprop.com.ar,$ 4.000.000,,Guatemala al 5500,215,3,3,https://www.zonaprop.com.ar/departamentos-alquiler-capital-federal-mas-de-3-habitaciones-a-estrenar-pagina-7.html,https://www.zonaprop.com.ar/propiedades/torre-bella-guatemala-y-oro-215-m-sup2--3-dorm-cochera-52778859.html
https://www.zonaprop.com.ar,Consultar precio,,Artilleros al 2100,100,3,2,https://www.zonaprop.com.ar/departamentos-alquiler-capital-federal-mas-de-3-habitaciones-a-estrenar-pagina-7.html,https://www.zonaprop.com.ar/propiedades/departamento-en-belgrano-52814872.html
https://www.zonaprop.com.ar,Consultar precio,$ 180.000,Parera   100 1°,331,4,3,https://www.zonaprop.com.ar/departamentos-alquiler-capital-federal-mas-de-3-habitaciones-a-estrenar-pagina-7.html,https://www.zonaprop.com.ar/propiedades/excelente-edif-estilo-frances-49025877.html
https://www.zonaprop.com.ar,Consultar precio,$ 90.000,Juncal y Montevideo - 4 Dorm. - Muy Luminoso  - 190 Mtrs,190,4,2,https://www.zonaprop.com.ar/departamentos-alquiler-capital-federal-mas-de-3-habitaciones-a-estrenar-pagina-7.html,https://www.zonaprop.com.ar/propiedades/juncal-y-montevideo-a-m-pza.-vte.-lopez-3-4-dor.-52757943.html
https://www.zonaprop.com.ar,Consultar precio,,"Pza. C. Pellegrini. Prime Property, Location and Views",230,3,3,https://www.zonaprop.com.ar/departamentos-alquiler-capital-federal-mas-de-3-habitaciones-a-estrenar-pagina-7.html,https://www.zonaprop.com.ar/propiedades/departamento-en-alquiler.-3-dorm.-vistas-abiertas.-a-52518738.html
https://www.zonaprop.com.ar,Consultar precio,$ 55.000,Boulevard Rosario Vera Peñaloza al 400,340,3,7,https://www.zonaprop.com.ar/departamentos-alquiler-capital-federal-mas-de-3-habitaciones-a-estrenar-pagina-7.html,https://www.zonaprop.com.ar/propiedades/especatcular-penthosue-zencity-terraza-privada.-49984691.html
https://www.zonaprop.com.ar,Consultar precio,$ 65.000,Guido al 2600,250,4,3,https://www.zonaprop.com.ar/departamentos-alquiler-capital-federal-mas-de-3-habitaciones-a-estrenar-pagina-7.html,https://www.zonaprop.com.ar/propiedades/el-mejor-penthouse-de-la-isla-por-ubicacion-y-vista!-49543009.html
https://www.zonaprop.com.ar,Consultar precio,$ 563.000,"Avenida Alvear al 1400,1 Piso",450,4,4,https://www.zonaprop.com.ar/departamentos-alquiler-capital-federal-mas-de-3-habitaciones-a-estrenar-pagina-7.html,https://www.zonaprop.com.ar/propiedades/departamento-en-recoleta-52104238.html
https://www.zonaprop.com.ar,Consultar precio,$ 500.000,Alvear Tower Azucena Villaflor  al 500,435,4,5,https://www.zonaprop.com.ar/departamentos-alquiler-capital-federal-mas-de-3-habitaciones-a-estrenar-pagina-7.html,https://www.zonaprop.com.ar/propiedades/departamento-puerto-madero-52852037.html
https://www.zonaprop.com.ar,Consultar precio,$ 55.000,Av. Santa Fe al 1200,150,3,2,https://www.zonaprop.com.ar/departamentos-alquiler-capital-federal-mas-de-3-habitaciones-a-estrenar-pagina-8.html,https://www.zonaprop.com.ar/propiedades/departamento-recoleta-52117805.html
https://www.zonaprop.com.ar,$ 1.500.000,$ 80.000,Republica Arabe Siria  al 3200,130,3,2,https://www.zonaprop.com.ar/departamentos-alquiler-capital-federal-mas-de-3-habitaciones-a-estrenar-pagina-8.html,https://www.zonaprop.com.ar/propiedades/departamento-en-palermo-52833850.html
https://www.zonaprop.com.ar,Consultar precio,,Castañeda  al 2000,357,3,3,https://www.zonaprop.com.ar/departamentos-alquiler-capital-federal-mas-de-3-habitaciones-a-estrenar-pagina-8.html,https://www.zonaprop.com.ar/propiedades/5-ambientes-en-torre-forum-alcorta-torre-1-47226005.html
https://www.zonaprop.com.ar,$ 3.300.000,,Av Presidente Manuel Quintana al 100,175,4,3,https://www.zonaprop.com.ar/departamentos-alquiler-capital-federal-mas-de-3-habitaciones-a-estrenar-pagina-8.html,https://www.zonaprop.com.ar/propiedades/art-recoleta-departamento-de-lujo-en-la-ciudad-de-52791721.html
https://www.zonaprop.com.ar,Consultar precio,,Ramsay al 2000,310,3,4,https://www.zonaprop.com.ar/departamentos-alquiler-capital-federal-mas-de-3-habitaciones-a-estrenar-pagina-8.html,https://www.zonaprop.com.ar/propiedades/forum-alcorta-departamento-premiun-en-belgrano-46902668.html
https://www.zonaprop.com.ar,Consultar precio,$ 100.000,Juana Manso 1400,292,3,3,https://www.zonaprop.com.ar/departamentos-alquiler-capital-federal-mas-de-3-habitaciones-a-estrenar-pagina-8.html,https://www.zonaprop.com.ar/propiedades/alquiler-oceana-4-ambientes-296-m-sup2--vista-al-dique-49604713.html
https://www.zonaprop.com.ar,Consultar precio,,Oro al 2700,140,3,2,https://www.zonaprop.com.ar/departamentos-alquiler-capital-federal-mas-de-3-habitaciones-a-estrenar-pagina-8.html,https://www.zonaprop.com.ar/propiedades/departamento-en-oro-al-2700-52244128.html
https://www.zonaprop.com.ar,$ 5.000,,"Alquiler 5 Ambientes + Dependencia, Torres DEL Yacht - Puerto Madero",230,4,3,https://www.zonaprop.com.ar/departamentos-alquiler-capital-federal-mas-de-3-habitaciones-a-estrenar-pagina-8.html,https://www.zonaprop.com.ar/propiedades/alquiler-torres-del-yacht-puerto-madero-52603665.html
https://www.zonaprop.com.ar,Consultar precio,$ 290.000,Villanueva al 1900 . Piso 29 Hermosa Vista Torre Aisenson,290,3,4,https://www.zonaprop.com.ar/departamentos-alquiler-capital-federal-mas-de-3-habitaciones-a-estrenar-pagina-8.html,https://www.zonaprop.com.ar/propiedades/departamento-belgrano-c-52735801.html
https://www.zonaprop.com.ar,Consultar precio,$ 120.000,Juana Manso al 1700,456,3,3,https://www.zonaprop.com.ar/departamentos-alquiler-capital-federal-mas-de-3-habitaciones-a-estrenar-pagina-8.html,https://www.zonaprop.com.ar/propiedades/exclusivo-penthouse-en-link-tower!-departamento-51157768.html
https://www.zonaprop.com.ar,Consultar precio,,Guatemala  5100,140,3,3,https://www.zonaprop.com.ar/departamentos-alquiler-capital-federal-mas-de-3-habitaciones-a-estrenar-pagina-8.html,https://www.zonaprop.com.ar/propiedades/exclusivo-departamento-de-3-dorm.-en-torre-bella!-52823438.html
https://www.zonaprop.com.ar,Consultar precio,$ 170.000,Parana al 1200,211,3,2,https://www.zonaprop.com.ar/departamentos-alquiler-capital-federal-mas-de-3-habitaciones-a-estrenar-pagina-8.html,https://www.zonaprop.com.ar/propiedades/como-a-estrenar-equipado-y-amoblado-con-balcon-terraza-52549607.html
https://www.zonaprop.com.ar,Consultar precio,$ 90.000,Dante al 100,106,3,2,https://www.zonaprop.com.ar/departamentos-alquiler-capital-federal-mas-de-3-habitaciones-a-estrenar-pagina-8.html,https://www.zonaprop.com.ar/propiedades/departamento-en-4-ambientes-con-cochera-en-alquiler-52814106.html
https://www.zonaprop.com.ar,Consultar precio,$ 150.000,"Lola Mora 400, Zencity",330,3,4,https://www.zonaprop.com.ar/departamentos-alquiler-capital-federal-mas-de-3-habitaciones-a-estrenar-pagina-8.html,https://www.zonaprop.com.ar/propiedades/gran-duplex-con-terraza-en-zencity-puerto-maero-52836111.html
https://www.zonaprop.com.ar,Consultar precio,$ 118.000,Av Cerviño al 4700,110,3,2,https://www.zonaprop.com.ar/departamentos-alquiler-capital-federal-mas-de-3-habitaciones-a-estrenar-pagina-8.html,https://www.zonaprop.com.ar/propiedades/alquiler-departamento-en-palermo-4-ambientes-cervino-52693265.html
https://www.zonaprop.com.ar,Consultar precio,,Avenida Balbin al 4200,110,3,2,https://www.zonaprop.com.ar/departamentos-alquiler-capital-federal-mas-de-3-habitaciones-a-estrenar-pagina-8.html,https://www.zonaprop.com.ar/propiedades/saavedra-hermoso-depto-4-amb-c-cochera-a-estrenar-52852375.html
https://www.zonaprop.com.ar,Consultar precio,,Av. Del Libertador 7000,399,3,5,https://www.zonaprop.com.ar/departamentos-alquiler-capital-federal-mas-de-3-habitaciones-a-estrenar-pagina-8.html,https://www.zonaprop.com.ar/propiedades/alquiler-av-libertador-7000-4-amb.-c-cochera-y-52160653.html
https://www.zonaprop.com.ar,Consultar precio,$ 350.000,Alvear Tower Azucena Villaflor  al 500,485,5,6,https://www.zonaprop.com.ar/departamentos-alquiler-capital-federal-mas-de-3-habitaciones-a-estrenar-pagina-8.html,https://www.zonaprop.com.ar/propiedades/departamento-puerto-madero-52852039.html
https://www.zonaprop.com.ar,Consultar precio,$ 125.000,Juana Manzo  al 1500,130,3,2,https://www.zonaprop.com.ar/departamentos-alquiler-capital-federal-mas-de-3-habitaciones-a-estrenar-pagina-8.html,https://www.zonaprop.com.ar/propiedades/departamento-en-alquiler-madero-plaza-vc-52191714.html
https://www.zonaprop.com.ar,$ 15.400.000,,Azucena Villaflor al 500,356,3,3,https://www.zonaprop.com.ar/departamentos-alquiler-capital-federal-mas-de-3-habitaciones-a-estrenar-pagina-8.html,https://www.zonaprop.com.ar/propiedades/4amb-dependencia-a-estrenar-en-alvear-tower-piso-52627623.html
https://www.zonaprop.com.ar,Consultar precio,,Larrazabal  al 500,118,3,2,https://www.zonaprop.com.ar/departamentos-alquiler-capital-federal-mas-de-3-habitaciones-a-estrenar-pagina-9.html,https://www.zonaprop.com.ar/propiedades/semipiso-a-estrenar-4-ambientes-balcon-terraza-y-52837729.html
https://www.zonaprop.com.ar,Consultar precio,$ 200.000,Rosario Vera Peñaloza 300,248,3,3,https://www.zonaprop.com.ar/departamentos-alquiler-capital-federal-mas-de-3-habitaciones-a-estrenar-pagina-9.html,https://www.zonaprop.com.ar/propiedades/excelente-unidad-con-terraza-y-parrillero-en-torre-46648628.html
https://www.zonaprop.com.ar,Consultar precio,$ 150.000,Juncal  al 3200,150,3,3,https://www.zonaprop.com.ar/departamentos-alquiler-capital-federal-mas-de-3-habitaciones-a-estrenar-pagina-9.html,https://www.zonaprop.com.ar/propiedades/torre-palermo-park-alquiler-sin-muebles-amenities-52678876.html
https://www.zonaprop.com.ar,Consultar precio,,Avenida Balbin al 4200,110,3,2,https://www.zonaprop.com.ar/departamentos-alquiler-capital-federal-mas-de-3-habitaciones-a-estrenar-pagina-9.html,https://www.zonaprop.com.ar/propiedades/saavedra-hermoso-depto-4-amb-c-cochera-a-estrenar-52852374.html
https://www.zonaprop.com.ar,Consultar precio,$ 1,Posadas al 1400,310,3,2,https://www.zonaprop.com.ar/departamentos-alquiler-capital-federal-mas-de-3-habitaciones-a-estrenar-pagina-9.html,https://www.zonaprop.com.ar/propiedades/departamento-recoleta-51861991.html
https://www.zonaprop.com.ar,Consultar precio,,Av. Callao y Pacheco de Melo,250,3,3,https://www.zonaprop.com.ar/departamentos-alquiler-capital-federal-mas-de-3-habitaciones-a-estrenar-pagina-9.html,https://www.zonaprop.com.ar/propiedades/espectacular-oportunidad-en-alquiler-de-piso-amueblado-51899383.html
https://www.zonaprop.com.ar,Consultar precio,$ 50.000,Congreso al 2300,75,3,2,https://www.zonaprop.com.ar/departamentos-alquiler-capital-federal-mas-de-3-habitaciones-a-estrenar-pagina-9.html,https://www.zonaprop.com.ar/propiedades/depto-4-amb-con-balcon-y-cochera-belgrano-52295003.html
https://www.zonaprop.com.ar,Consultar precio,$ 160.000,Olga Cosentini al 1600,540,4,5,https://www.zonaprop.com.ar/departamentos-alquiler-capital-federal-mas-de-3-habitaciones-a-estrenar-pagina-9.html,https://www.zonaprop.com.ar/propiedades/exclusivo-penthouse-en-edificio-cruceros-unico-46903521.html
https://www.zonaprop.com.ar,Consultar precio,$ 150.000,3  de Febrero al 900,375,5,4,https://www.zonaprop.com.ar/departamentos-alquiler-capital-federal-mas-de-3-habitaciones-a-estrenar-pagina-9.html,https://www.zonaprop.com.ar/propiedades/departamento-belgrano-52564603.html
https://www.zonaprop.com.ar,$ 1.500.000,$ 80.000,Republica Arabe Siria  al 3200,130,3,2,https://www.zonaprop.com.ar/departamentos-alquiler-capital-federal-mas-de-3-habitaciones-a-estrenar-pagina-9.html,https://www.zonaprop.com.ar/propiedades/departamento-en-palermo-52833862.html
https://www.zonaprop.com.ar,$ 1,$ 139.500,Galileo  al 2400,180,3,2,https://www.zonaprop.com.ar/departamentos-alquiler-capital-federal-mas-de-3-habitaciones-a-estrenar-pagina-9.html,https://www.zonaprop.com.ar/propiedades/departamento-en-la-isla-52512904.html
https://www.zonaprop.com.ar,Consultar precio,,Av Alvear al 1400,430,4,6,https://www.zonaprop.com.ar/departamentos-alquiler-capital-federal-mas-de-3-habitaciones-a-estrenar-pagina-9.html,https://www.zonaprop.com.ar/propiedades/excelente-piso-en-el-corazon-de-recoleta-reciclado-a-51999068.html
https://www.zonaprop.com.ar,$ 2.452.000,,Virrey  Olaguer  y Feliu,124,3,2,https://www.zonaprop.com.ar/departamentos-alquiler-capital-federal-mas-de-3-habitaciones-a-estrenar-pagina-9.html,https://www.zonaprop.com.ar/propiedades/departamento-4-ambientes-en-alquiler-a-estrenar-52816002.html
https://www.zonaprop.com.ar,Consultar precio,,Posadas al 1100,150,3,2,https://www.zonaprop.com.ar/departamentos-alquiler-capital-federal-mas-de-3-habitaciones-a-estrenar-pagina-9.html,https://www.zonaprop.com.ar/propiedades/departamento-recoleta-52856155.html
https://www.zonaprop.com.ar,Consultar precio,$ 121.000,Juncal al 700,372,3,not found,https://www.zonaprop.com.ar/departamentos-alquiler-capital-federal-mas-de-3-habitaciones-a-estrenar-pagina-9.html,https://www.zonaprop.com.ar/propiedades/departamento-retiro-51406725.html
https://www.zonaprop.com.ar,Consultar precio,$ 150.000,Av Libertador al 2400,300,3,2,https://www.zonaprop.com.ar/departamentos-alquiler-capital-federal-mas-de-3-habitaciones-a-estrenar-pagina-9.html,https://www.zonaprop.com.ar/propiedades/departamento-en-alquiler-en-palermo-chico-52366656.html
https://www.zonaprop.com.ar,Consultar precio,$ 200.000,Av Libertador al 2600,460,3,2,https://www.zonaprop.com.ar/departamentos-alquiler-capital-federal-mas-de-3-habitaciones-a-estrenar-pagina-9.html,https://www.zonaprop.com.ar/propiedades/departamento-en-como-una-casa-con-mega-jardin-propio-52656888.html
https://www.zonaprop.com.ar,$ 1.900.000,$ 70.000,Avellaneda al 2200 y Gavilan (avellaneda Palace) fte,185,3,4,https://www.zonaprop.com.ar/departamentos-alquiler-capital-federal-mas-de-3-habitaciones-a-estrenar-pagina-9.html,https://www.zonaprop.com.ar/propiedades/espect-4-amb-3-dorm-en-ste-a-estrenar-c-coch-bcon-52657086.html
https://www.zonaprop.com.ar,Consultar precio,,Alquiler. Plaza San Martín. 100% Renovado,433,4,4,https://www.zonaprop.com.ar/departamentos-alquiler-capital-federal-mas-de-3-habitaciones-a-estrenar-pagina-9.html,https://www.zonaprop.com.ar/propiedades/alquiler.-piso-renovado.-edificio-exclusivo-con-52722514.html
https://www.zonaprop.com.ar,Consultar precio,$ 80.000,Chenaut 1707,163,3,4,https://www.zonaprop.com.ar/departamentos-alquiler-capital-federal-mas-de-3-habitaciones-a-estrenar-pagina-9.html,https://www.zonaprop.com.ar/propiedades/chenaut-1700-las-canitas-3-dorm.-amenities-2-51582500.html
https://www.zonaprop.com.ar,Consultar precio,,3 de Febrero al 2000,220,3,4,https://www.zonaprop.com.ar/departamentos-alquiler-capital-federal-mas-de-3-habitaciones-a-estrenar-pagina-10.html,https://www.zonaprop.com.ar/propiedades/espect-piso-premium-igual-a-estrenar-200-m-c-amen-50090392.html
https://www.zonaprop.com.ar,Consultar precio,,Ramsay al 2000,350,3,4,https://www.zonaprop.com.ar/departamentos-alquiler-capital-federal-mas-de-3-habitaciones-a-estrenar-pagina-10.html,https://www.zonaprop.com.ar/propiedades/forum-alcorta-departamento-premiun-en-belgrano-46902664.html
https://www.zonaprop.com.ar,Consultar precio,,Arroyo 866,142,3,4,https://www.zonaprop.com.ar/departamentos-alquiler-capital-federal-mas-de-3-habitaciones-a-estrenar-pagina-10.html,https://www.zonaprop.com.ar/propiedades/espectacular-piso-lleno-de-luz-cochera-y-baulera-50833887.html
https://www.zonaprop.com.ar,Consultar precio,,Maza 193,70,3,2,https://www.zonaprop.com.ar/departamentos-alquiler-capital-federal-mas-de-3-habitaciones-a-estrenar-pagina-10.html,https://www.zonaprop.com.ar/propiedades/maza-193-departamento-3-cuartos-2-banos-52534886.html
https://www.zonaprop.com.ar,$ 600.000,$ 60.000,José Pedro Varela 4100,100,3,not found,https://www.zonaprop.com.ar/departamentos-alquiler-capital-federal-mas-de-3-habitaciones-a-estrenar-pagina-10.html,https://www.zonaprop.com.ar/propiedades/hermoso-4-ambientes-52735848.html
